kampo_number,name,name_kana,symptoms,patterns,crude_drugs,classification,indications,Physical,point
1,葛根湯,かっこんとう,発熱|悪寒|頭痛|肩こり|感冒|はな風邪|結膜炎|角膜炎|中耳炎|扁桃腺炎|乳腺炎|リンパ腺炎|上半身の神経通|蕁麻疹,中間証|実証|寒症,カッコン|マオウ|ケイヒ|シャクヤク|カンゾウ|ショウキョウ|タイソウ,共通（領域を問わないもの）|呼吸器|循環器|神経・筋・脳神経|小児|外科・周術期|整形・運動器|産婦人科|皮膚|鼻腔咽喉|眼,熱性疾患の初期|感冒|リンパ腺炎|神経痛（上半身）|肩こり|中耳炎|蕁麻疹|乳腺炎|鼻風邪|扁桃炎|結膜炎|角膜炎,比較的体力のある,自然発汗なく悪寒、発熱、頭痛、肩こり等がある場合
2,葛根湯加川芎辛夷,かっこんとうかせんきゅうしんい,鼻づまり|蓄膿症|慢性鼻炎,中間証|実証|寒症|水滞,カッコン|タイソウ|マオウ|カンゾウ|ケイヒ|シャクヤク|センキュウ|シンイ|ショウキョウ,鼻腔咽喉,慢性鼻炎|蓄膿症|鼻づまり,比較的体力のある,頭重、項背のこわばりがあり、鼻閉、鼻漏等を伴う場合
3,乙字湯,おちじとう,キレ痔|イボ痔,中間証|熱証|瘀血|血虚,トウキ|サイコ|オウゴン|カンゾウ|ショウマ|ダイオウ,消化器|外科・周術期|産婦人科,キレ痔|イボ痔,体力中等度,便秘傾向で、症状あまり激しくない場合
5,安中散,あんちゅうさん,胃痛|胸やけ|げっぷ|食欲不振|吐き気|神経性胃炎|慢性胃炎|胃アトニー,中間証|虚証|寒証|気虚|水滞,ケイヒ|エンゴサク|ボレイ|カンゾウ|ウイキョウ|シュクシャ|リョウキョウ,消化器,慢性胃炎|胃アトニー|神経性胃炎,比較的体力低下,瘦せ型の人で慢性の胃痛胸焼け等がある場合
6,十味敗毒湯,じゅうみはいどくとう,皮膚炎|化膿|じんましん|急性湿疹|水虫,中間証,サイコ|キキョウ|センキュウ|ブクリョウ|ボクソク|ドクカツ|ボウフウ|カイガイ|ショウキョウ|カンゾウ,小児|皮膚,急性湿疹|蕁麻疹|化膿性皮膚疾患|急性皮膚疾患の初期|水虫,体力中等度,患部は発散性またはびまん性発疹で、滲出液のすくない場合
7,八味地黄丸,はちみじおうがん,腎炎|糖尿病|陰萎|坐骨神経痛|腰痛|脚気|膀胱カタル|前立腺肥大|高血圧,虚証|寒証|気虚|水滞,ジオウ|サンシュユ|サンヤク|タクシャ|ブシ|ブクリョウ|ボタンピ|ケイヒ,循環器|腎|代謝・内分泌|神経・筋・脳神経|小児|整形・運動器|産婦人科|泌尿器,高血圧|腎炎|糖尿病|脚気|坐骨神経痛|腰痛|膀胱炎|前立腺肥大|陰萎,体力中等度以下,中年以降、腰部及び下肢の脱力感、排尿異常を訴える場合
8,大柴胡湯,だいさいことう,胆石症|胆のう症|黄疸|肝機能障害|高血圧|脳溢血|じんましん|胃酸過多症|急性胃腸カタル|悪心|嘔吐|食欲不振|痔疾|糖尿病|ノイローゼ|不眠症,実証|熱証|気滞,サイコ|ハンゲ|オウゴン|シャクヤク|タイソウ|キジュツ|ショウキョウ|ダイオウ,共通（領域を問わないもの）|循環器|消化器|代謝・内分泌|神経・筋・脳神経|小児|外科・周術期|産婦人科|皮膚|精神・神経,食欲不振|高血圧|脳溢血|急性胃腸炎|胃酸過多|食欲不振|悪心|嘔吐|黄疸|肝臓障害|胆嚢炎|胆石症|痔|糖尿病|脳溢血|蕁麻疹|ノイローゼ|不眠,体力充実,悪心、嘔吐、胸脇苦満が強く便秘する場合
9,小柴胡湯,しょうさいことう,肺炎|気管支炎|気管支喘息|感冒|リンパ腺炎|慢性胃腸障害|産後回復不全|肝障害,中間証|熱証|気虚,サイコ|ハンゲ|オウゴン|タイソウ|ニンジン|カンゾウ|ショウキョウ,共通（領域を問わないもの）|呼吸器|循環器|消化器|小児|外科・周術期,諸種の急性熱性病|感冒|気管支炎|気管支喘息|肺炎|リンパ腺炎|慢性胃腸障害|慢性肝炎における肝機能障害,体力中等度,微熱、悪心、胸脇苦満があり食欲不振、口中不快感などを伴う場合
10,柴胡桂枝湯,さいこけいしとう,感冒|流感|肺炎|肺結核|胃潰瘍|十二指腸潰瘍|胆のう症|胆石症|肝機能障害|膵臓炎,中間証|虚証|熱証|気虚|気滞,サイコ|ハンゲ|オウゴン|カンゾウ|ケイヒ|シャクヤク|タイソウ|ニンジン|ショウキョウ,呼吸器|消化器|小児|外科・周術期,感冒|流感|肺炎|肺結核|胃潰瘍|十二指腸潰瘍|肝臓障害|胆嚢炎|胆石症|膵臓炎,体力中等度以下,急性期を経てお頭痛、悪寒、食欲不振、自汗、胸脇苦満がある場合
11,柴胡桂枝乾姜湯,さいこけいしかんきょうとう,更年期障害|冷え症|倦怠感|貧血|動機|息切れ|血の道症|神経症|不眠症,虚証|寒証|熱証|気滞|水滞|陰虚,サイコ|オウゴン|カロコン|ケイヒ|ボレイ|カンキョウ|カンゾウ,産婦人科|精神・神経,更年期障害|血の道症|神経症|不眠,比較的体力低下,顔色不良で疲労倦怠感、精神神経症状、胸脇苦満を伴う場合
12,柴胡加竜骨牡蛎湯,さいこかりゅうこつぼれいとう,動悸|不安|不眠|いらだち|高血圧|動脈硬化|慢性腎不全|神経衰弱症|てんかん|ヒステリー|小児夜啼症|陰萎,実証|中間証|熱証|気虚|気滞,サイコ|ハンゲ|ケイヒ|ブクリョウ|オウゴン|タイソウ|ニンジン|ボレイ|リュウコツ|ショウキョウ,循環器|腎|小児|泌尿器|精神・神経,高血圧|動脈硬化|神経性心悸亢進症|慢性腎臓病|小児夜啼症|てんかん|神経症|陰萎|ヒステリー|神経衰弱|不眠,比較的体力のある,精神不安、不眠などの精神神経症状があり胸脇苦満のある場合
14,半夏瀉心湯,はんげしゃしんとう,下痢|胃もたれ|悪心|嘔吐|食欲不振|急性胃腸カタル|慢性胃腸カタル|発酵性下痢|消化不良|胃下垂|神経性胃炎|胃弱|二日酔い|げっぷ|胸焼け|口内炎|神経症,中間証|熱証|寒証|気虚,ハンゲ|オオゴン|カンキョウ|カンゾウ|タイソウ|ニンジン|オウレン,消化器|小児|外科・周術期|鼻腔咽喉|精神・神経|歯・口腔,口内炎|胃下垂|胃弱|神経性胃炎|急性胃腸炎|慢性胃腸炎|胸焼け|げっぷ|二日酔い|醗酵性下痢|消化不良|神経症,体力中等度,心窩部の膨満感、腹中雷鳴があり、悪心、嘔吐、下痢などを訴える場合
15,黄連解毒湯,おうれんげどくとう,鼻出血|のぼせ|いらいら|高血圧|不眠症|ノイローゼ|胃炎|二日酔い|血の道症|めまい|動悸|湿疹|皮膚炎|皮膚搔痒症,実証|中間証|熱証|水滞,オウレン|オウゴン|サンシシ|オウバク,循環器|消化器|神経・筋・脳神経|小児|産婦人科|皮膚|鼻腔咽喉|精神・神経,高血圧|動悸|胃炎|二日酔い|めまい|湿疹|血の道症|皮膚炎|皮膚搔痒感|鼻血|ノイローゼ|不眠,体力中等度もしくはそれ以上,のぼせ気味で精神神経症状を伴い、心窩部膨満感を伴う場合
16,半夏厚朴湯,はんげこうぼくとう,喉の違和感|不安|動悸|めまい|吐き気|不安神経症|神経性胃炎|つわり|せき|しわがれ声|神経性食道狭窄症|不眠症,虚証|中間証|気滞|水滞,ハンゲ|コウボク|ブクリョウ|ソヨウ|ショウキョウ,呼吸器|消化器|小児|産婦人科|鼻腔咽喉|精神・神経,咳|神経性食道狭窄症|神経性胃炎|咳|つわり|しわがれ声|不安神経症|不眠,体力中等度以下,神経症的傾向があり咽頭食道部に異物感がある場合
17,五苓散,ごれいさん,むくみ|口渇|尿量減少|ネフローゼ|二日酔い|急性胃腸カタル|下痢|悪心|嘔吐|めまい|胃内停水|頭痛|尿毒症|暑気あたり|糖尿病,水滞|中間証,タクシャ|チョレイ|ブクリョウ|ソウジュツ|ケイヒ,共通（領域を問わないもの）|消化器|腎|代謝・内分泌|神経・筋・脳神経|小児|外科・周術期|鼻腔咽喉,暑気あたり|浮腫|急性胃腸炎|胃内停水|悪心|嘔吐|二日酔い|下痢|ネフローゼ|尿毒症|糖尿病|頭痛|めまい,体力は問わない,口喝、尿量減少し、浮腫、悪心、嘔吐、頭痛、めまい等を伴う場合
18,桂枝加朮附湯,けいしかじゅつぶとう,関節痛|神経痛,虚証|寒証|気虚|水滞|血虚,ケイヒ|シャクヤク|ソウジュツ|タイソウ|カンゾウ|ショウキョウ|ブシ,神経・筋・脳神経|整形・運動器,神経痛|関節痛,比較的体力低下,冷え性で、朝の手のこわばり、微熱、盗汗等を伴う場合
19,小青竜湯,しょうせいりゅうとう,痰|咳|鼻水|冷え|咳|流涙|咳嗽|気管支炎|気管支喘息|鼻炎|アレルギー性鼻炎|アレルギー性結膜炎|感冒,中間証|寒証|水滞,マオウ|ケイヒ|カンキョウ|サイシン|ハンゲ|カンゾウ|ゴミシ|シャクヤク,呼吸器|小児|鼻腔咽喉|眼,感冒|気管支炎|気管支喘息|アレルギー性鼻炎|鼻炎|アレルギー性結膜炎,体力中等度,呼吸困難、咳嗽、喘息があり泡沫水様の痰、水様鼻汁等を伴う場合
20,防已黄耆湯,ぼういおうぎとう,浮腫|肥満症|腎炎|ネフローゼ|妊娠腎|陰嚢水腫|関節炎|筋炎|皮膚病|多汗症|月経不順|癰|癤,虚証|中間証|水滞,オウギ|ボウイ|ソウジュツ|タイソウ|カンゾウ|ショウキョウ,共通（領域を問わないもの）|腎|代謝・内分泌|神経・筋・脳神経|小児|外科・周術期|整形・運動器|産婦人科|皮膚|泌尿器,多汗症|浮腫|腎炎|ネフローゼ|肥満症|筋炎|関節炎|月経不順|皮膚病|よう（癰）|せつ（癤）|陰嚢水腫,比較的体力低下,水ぶとり体質で、全身倦怠感を訴える場合
21,小半夏加茯苓湯,しょうはんげかぶくりょうとう,妊娠嘔吐|つわり|急性胃腸炎|湿性胸膜炎|水腫性脚気|蓄膿症,中間証|水滞,ハンゲ|ブクリョウ|ショウキョウ,消化器|小児|産婦人科,嘔吐|急性胃腸炎|湿性胸膜炎|水腫性脚気|蓄膿症|つわり|妊娠腎,体力中等度,少しずつ何回も吐き、吐いた後も悪心が残るような場合
22,消風散,しょうふうさん,かゆみ|湿疹|蕁麻疹|水虫|汗疹|皮膚搔痒症,熱証|中間証|実証|血虚|水滞,セッコウ|トウキ|ジオウ|ゴボウシ|ソウジュツ|ボウフウ|モクツウ|ゴマ|チモ|カンゾウ|クジン|ケイガイ|センタイ,小児|皮膚,分泌液が多く痒みの強い慢性の皮膚病|湿疹|蕁麻疹|水虫|あせも|皮膚搔痒症,比較的体力ある,分泌物のある皮疹で、患部に熱感、湿潤、搔痒のある場合
23,当帰芍薬散,とうきしゃくやくさん,冷え|むくみ|貧血|倦怠感|更年期障害|頭重|頭痛|めまい|肩こり|月経不順|月経困難|不妊症|動機|慢性腎炎|妊娠中の諸症状|脚気|半身不随|心臓弁膜症,虚証|中間証|瘀血|血虚|水滞,トウキ|シャクヤク|センキュウ|ソウジュツ|タクシャ|ブクリョウ|,共通（領域を問わないもの）|循環器|腎|代謝・内分泌|神経・筋・脳神経|小児|産婦人科,疲労倦怠|心臓弁膜症|動悸|半身不随|痔（妊娠中）|慢性腎炎|脚気|半身不随|浮腫（妊娠中）|習慣性流産（妊娠中）|腹痛（妊娠中）|更年期障害|貧血|月経不順|不妊症|月経困難,比較的体力低下,月経異常、冷え性、軽度の浮腫、貧血傾向等のある場合
24,加味逍遙散,かみしょうようさん,イライラ|月経不順|虚弱体質|冷え性|月経困難|更年期障害|血の道症|不安,虚証|中間証|熱証|寒証|気滞|瘀血|血虚|水滞,サイコ|トウキ|シャクヤク|ソウジュツ|ブクリョウ|サンシシ|ボタンピ|カンゾウ|ショウキョウ|ハッカ,共通（領域を問わないもの）|血液|産婦人科,虚弱体質|貧血|更年期障害|血の道症|冷え性|月経不順|月経困難,比較的体力低下,精神不安|不眠、イライラ等の精神症状を訴える
25,桂枝茯苓丸,けいしぶくりょうがん,のぼせ|子宮内膜炎|月経不順|月経困難|帯下|更年期障害|頭痛|めまい|肩こり|冷え性|腹膜炎|打撲症|痔疾患|睾丸炎,実証|中間証|熱証|寒証|気滞|瘀血,ケイヒ|ブクリョウ|ボタンピ|シャクヤク|トウニン,消化器|外科・周術期|産婦人科|泌尿器,腹膜炎|痔|打撲|更年期障害|冷え性|月経困難|月経不順|子宮内膜炎|子宮並びにその付属器の炎症|こしけ|睾丸炎,体力中等度あるいはそれ以上,のぼせ、下腹部の緊張、圧痛、瘀血に伴う諸症状がある場合
26,桂枝加竜骨牡蛎湯,けいしかりゅうこつぼれいとう,小児夜尿症|神経衰弱|遺精|陰萎,虚証|気滞|気虚|血虚,ケイヒ|シャクヤク|タイソウ|リュウコツ|ボレイ|カンゾウ|ショウキョウ,小児|泌尿器|精神・神経,小児夜尿症|陰萎|遺精|神経衰弱|性的神経衰弱,比較的体力低下,体質虚弱で、顔色不良、神経過敏、精神不安等を伴う場合
27,麻黄湯,まおうとう,発熱|悪寒|無汗|腰痛|頭痛|感冒|インフルエンザ|関節リウマチ|喘息|乳児の鼻閉塞|哺乳困難,実証|寒症,マオウ|キョウニン|ケイヒ|カンゾウ,呼吸器|膠原病|小児|整形・運動器,感冒|インフルエンザ（初期）|気管支炎|気管支喘息|関節リウマチ|哺乳困難|小児の鼻閉塞,体力充実,頭痛、発熱、悪寒、四肢の関節痛、咳嗽があり、自発発汗のない場合
28,越婢加朮湯,えっぴかじゅつとう,むくみ|関節痛|ネフローゼ|脚気|関節リウマチ|夜尿症|湿疹|腎炎,実証|中間証|熱証|水滞,マオウ|セッコウ|ソウジュツ|タイソウ|カンゾウ|ショウキョウ,腎|代謝・内分泌|膠原病|小児|整形・運動器|皮膚,腎炎|ネフローゼ|脚気|関節リウマチ|夜尿症|湿疹,比較的体力ある,浮腫、発汗傾向、口渇、尿量減少等を訴える場合
29,麦門冬湯,ばくもんどうとう,気管支喘息|気管支炎|咳,虚証|中間証|熱証|気虚|水滞|陰虚,バクモントウ|ハンゲ|ニンジン|コウベイ|タイソウ|カンゾウ,呼吸器|小児,気管支炎|気管支喘息|痰の切れにくい痰,体力中等度もしくはそれ以下,激しい咳嗽があり、咽喉の乾燥感、粘稠性の痰等が伴う場合
30,真武湯,しんぶとう,胃腸疾患|胃腸虚弱症|慢性腸炎|消化不良|胃アトニー症|胃下垂症|ネフローゼ|腹膜炎|脳溢症|運動麻痺|知覚麻痺|神経衰弱|高血圧症|心臓弁膜症|心不全|関節リウマチ,虚証|寒証|水滞,ブシ|ブクリョウ|シャクヤク|ソウジュツ|ショウキョウ,循環器|消化器|腎|神経・筋・脳神経|膠原病|小児|整形・運動器|皮膚|精神・神経,高血圧|心臓弁膜症|心不全の動悸亢進|脳溢血|半身不随|胃腸疾患|胃アトニー|胃下垂|胃腸虚弱|急性腸炎|消化不良|腹膜炎|ネフローゼ|脳溢血|半身不随|脊髄神経による運動並びに知覚麻痺|関節リウマチ|老人性搔痒症|神経衰弱,体力低下,新陳代謝が低下し全身倦怠感四肢の冷感等を伴う場合
31,呉茱萸湯,ゴシュユトウ,習慣性偏頭痛|嘔吐|脚気衝心,虚証|寒証|水滞|気虚,タイソウ|ゴシュユ|ニンジン|ショウキョウ,循環器|消化器|代謝・内分泌|神経・筋・脳神経|小児,脚気衝心|嘔吐|脚気衝心|習慣性頭痛|習慣性偏頭痛,比較的体力低下,冷え性の人で反復性の激しい咳嗽があり頭痛のある場合
32,人参湯,にんじんとう,胃腸カタル|胃アトニー症|胃拡張|つわり|萎縮腎,虚証|寒証|水滞|気虚,ニンジン|カンキョウ|カンゾウ|ソウジュツ,消化器|腎|産婦人科,胃アトニー|胃拡張|急性胃腸炎|慢性胃腸炎|萎縮腎|つわり,比較的体力低下,冷え性の人で、胃部停滞感、下痢など胃腸機能が低下している場合
33,大黄牡丹皮湯,だいおうぼたんぴとう,月経不順|月経困難|便秘|痔疾患,実証|熱証|瘀血,トウガシ|トウニン|ボタンピ|ダイオウ|ボウショウ,消化器|外科・周術期|産婦人科,便秘|痔|月経困難|月経不順,比較的体力充実,下腹部が緊張し抵抗圧痛があり瘀血を伴う場合
34,白虎加人参湯,びゃっこかにんじんとう,のどの渇き|ほてり,実証|熱証|中間証|気虚|陰虚,セッコウ|チモ|ニンジン|コウペイ|カンゾウ,共通（領域を問わないもの）|代謝・内分泌|歯・口腔,ほてり|口渇,比較的体力ある,口渇があり、時に多尿、皮膚搔痒感を伴う場合
35,四逆散,しぎゃくさん,胆嚢症|胆石症|胃炎|胃酸過多|胃潰瘍|鼻カタル|気管支炎|神経質|ヒステリー,中間証|寒証|水滞,サイコ|シャクヤク|キジュツ|カンゾウ,共通（領域を問わないもの）|呼吸器|消化器|小児|鼻腔咽喉|精神・神経,口渇|気管支炎|胃炎|胃潰瘍|胃酸過多|胆嚢炎|胆石症|気管支喘息|鼻炎|ヒステリー|神経質,比較的体力ある,体がほてり、時に多尿、皮膚搔痒感を伴う場合
36,木防已湯,もくぼういとう,咳|呼吸困難|心疾患|腎疾患|浮腫|喘息,虚証|水滞,セッコウ|ボウイ|ケイヒ|ニンジン,共通（領域を問わないもの）|循環器|腎|神経・筋・脳神経|小児|外科・周術期,浮腫|心臓にもとづく疾患|心臓性喘息|腎に元ずく疾患,比較的体力低下,心窩部がつかえ、呼吸困難、口渇、尿量減少、動悸等がある場合
37,半夏白朮天麻湯,はんげびゃくじゅつてんまとう,めまい|頭痛,虚証|寒証|気滞|気虚|水滞,チンピ|ハンゲ|ビャクジュツ|ブクリョウ|テンマ|バクガ|オウギ|タクシャ|ニンジン|オウバク|カンキョウ|ショウキョウ,共通（領域を問わないもの）|消化器|神経・筋・脳神経|小児|産婦人科|鼻腔咽喉,下肢の冷え|胃腸虚弱|頭痛|めまい,比較的体力低下,胃腸虚弱な人が頭重感、めまい等を伴う場合
38,当帰四逆加呉茱萸生姜湯,とうきしぎゃくかごしゅゆしょうきょうとう,冷え|しもやけ|頭痛|下腹部痛|腰痛,虚証|寒証,タイソウ|シャクヤク|トウキ|ケイヒ|モクツウ|カンゾウ|ゴシュユ|サイシン|ショウキョウ,消化器|神経・筋・脳神経|小児|整形・運動器|産婦人科|皮膚|泌尿器,下腹部痛|頭痛|腰痛|しもやけ,比較的体力低下,冷え性で体質虚弱な人が寒冷の為手足が冷えて痛む場合
39,苓桂朮甘湯,りょうけいじゅつかんとう,めまい|動悸|神経質|ノイローゼ|息切れ|頭痛,虚証|寒証|気滞|水滞,ブクリョウ|ケイヒ|ソウジュツ|カンゾウ,循環器|腎|神経・筋・脳神経|小児|鼻腔咽喉|精神・神経,動悸|息切れ|腎炎|頭痛|めまい|ノイローゼ|神経質,比較的体力低下,めまい、身体動揺感、立ちくらみ、息切れ、頭痛、のぼせなどを伴う場合
40,猪苓湯,ちょれいとう,排尿痛|頻尿|尿道炎|腎臓炎|腎石症|淋炎|排尿症|血尿|浮腫|残尿感|下痢,熱証|虚証|中間証|実証|水滞,チョレイ|タクシャ|カッセキ|アキョウ|ブクリョウ,共通（領域を問わないもの）|消化器|腎|神経・筋・脳神経|小児|外科・周術期|産婦人科|泌尿器,腰以下の浮腫|下痢|腎石症|腎炎|尿道炎|淋炎|残尿感|排尿痛|血尿,体力は問わない,頻尿、残尿感、排尿痛、血尿などの排尿障害のある場合
41,補中益気湯,ほちゅうえっきとう,夏やせ|体力増強|結核症|食欲不振|胃下垂|感冒|痔|脱肛|子宮下垂|陰萎|半身不随|多汗症,気虚|虚証|熱証|寒証,オウギ|ソウジュツ|ニンジン|トウキ|サイコ|タイソウ|チンピ|カンゾウ|ショウマ|ショウキョウ,共通（領域を問わないもの）|呼吸器|循環器|消化器|神経・筋・脳神経|小児|外科・周術期|産婦人科|泌尿器,病後の体力低下|食欲不振|夏やせ|多汗症|感冒|結核症|半身不随|胃下垂|食欲不振|痔|脱肛|半身不随|子宮下垂|陰萎,比較的体力低下,全身倦怠感、食欲不振、時に衰弱により微熱、盗汗などがある場合
43,六君子湯,りっくんしとう,食欲不振|消化不良|胃炎|胃アトニー|胃下垂|胃痛|嘔吐,虚証|寒証|気虚|水滞,ソウジュツ|ニンジン|ハンゲ|タイソウ|チンピ|ブクリョウ|カンゾウ|ショウキョウ,共通（領域を問わないもの）|消化器|小児|外科・周術期,食欲不振|胃アトニー|胃下垂|胃炎|胃痛|食欲不振|嘔吐|消化不良,比較的体力低下,胃腸機能が低下して心窩部の膨満感などを訴える場合
45,桂枝湯,けいしとう,風邪,虚証|寒症,ケイヒ|シャクヤク|カンゾウ|ショウキョウ|タイソウ,呼吸器|小児,感冒（初期）,比較的体力低下,頭痛、発熱、悪寒を伴い、自然発汗のある場合
46,七物降下湯,しちもつこうかとう,高血圧|のぼせ|肩こり|耳鳴り|頭重,虚証|血虚,シャクヤク|トウキ|オウギ|ジオウ|センキュウ|チョウトウコウ|オウバク,循環器,高血圧の随伴症状（のぼせ、肩こり、耳鳴り、頭重）,比較的体力低下,易疲労感、下半身の冷え。頻尿傾向などを伴う場合
47,釣藤散,ちょうとうさん,頭痛|めまい,虚証|中間証|熱証|気虚|水滞,チョウトウコウ|セッコウ|チンピ|バクモンドウ|ハンゲ|ブクリョウ|キクカ|ニンジン|ボウフウ|カンゾウ|ショウキョウ,循環器|神経・筋・脳神経,高血圧|慢性頭痛,体力中等度あるいはやや低下,中年以降、慢性に経過する頭痛、肩こりめまい等を訴える場合
48,十全大補湯,じゅうぜんたいほとう,疲労|貧血|寝汗|冷え性,虚証|寒証|気虚|血虚,オウギ|ケイヒ|シャクヤク|センキュウ|ソウジュツ|ニンジン|トウキ|ブクリョウ|カンゾウ|ジオウ,共通（領域を問わないもの）|消化器|血液|小児|外科・周術期|産婦人科,病後の体力低下|食欲不振|疲労倦怠|ねあせ|手足の冷え|食欲不振|貧血,体力低下,全身倦怠感、顔色不良、皮膚枯燥、貧血などを伴う場合
50,荊芥連翹湯,けいがいれんぎょうとう,にきび|蓄膿症|慢性鼻炎|慢性扁桃腺炎,中間証|熱証|血虚,オウゴン|オウバク|オウレン|キキョウ|キジツ|ケイガイ|サイコ|サンシシ|ジオウ|シャクヤク|センキュウ|トウキ|ハッカ|ビャクシ|ボウフウ|カンゾウ|レンギョウ,小児|皮膚|鼻腔咽喉,慢性扁桃炎|面皰|慢性鼻炎|蓄膿症,体力中等度前後,皮膚の色が浅黒く、副鼻腔、扁桃等に炎症が慢性化した場合
51,潤腸湯,じゅんちょうとう,便秘,虚証|中間証|血虚|隠虚,ジオウ|トウキ|オウゴン|キジツ|キョウニン|コウボク|ダイオウ|トウニン|マシニン|カンゾウ,消化器|外科・周術期,便秘,体力中等度あるいはやや低下,老人あるいは胃腸機能の低下した人の弛緩性痙攣性の便秘に
52,薏苡仁湯,よくいにんとう,関節痛|筋肉痛,実証|中間証|寒証|血虚|水滞,ヨクイニン|ソウジュツ|トウキ|マオウ|ケイヒ|シャクヤク|カンゾウ,神経・筋・脳神経|整形・運動器,関節痛|筋肉痛,比較的体力低下,冷え性で、朝の手のこわばり、微熱、盗汗等を伴う場合
53,疎経活血湯,そけいかっけつとう,関節痛|神経痛|腰痛|筋肉痛,中間証|寒証|水滞|瘀血|血虚,シャクヤク|ジオウ|センキュウ|ソウジュツ|トウキ|トウニン|ブクリョウ|イレイセン|キョウカツ|ゴシツ|チンピ|ボウイ|ボウフウ|リュウタン|カンゾウ|ビャクシ|ショウキョウ,神経・筋・脳神経|整形・運動器|産婦人科,神経痛|腰痛|関節痛|筋肉痛,体力中等度,腰部より下肢にかけて関節・筋肉・神経が痛み瘀血を伴う場合
54,抑肝散,よくかんさん,神経症|不眠症|小児夜泣き,中間証|気滞|瘀血,ソウジュツ|ブクリョウ|センキュウ|チョウトウコウ|トウキ|サイコ|カンゾウ,小児|精神・神経,小児夜啼症|小児疳症|神経症|不眠,体力中等度,神経過敏で興奮しやすく、イライラ等の精神神経症状の攣急を伴う場合
55,麻杏甘石湯,まきょうかんせきとう,小児喘息|気管支喘息,実証|熱証,マオウ|キョウニン|セッコウ|カンゾウ,呼吸器|小児,気管支喘息|小児喘息,比較的体力のある,咳嗽が強く口渇、自然発汗、熱感などがある場合
56,五淋散,ごりんさん,排尿痛|頻尿|残尿感,熱証|中間証|虚証|瘀血|血虚|水滞,ブクリョウ|オウゴン|カッセキ|カンゾウ|ジオウ|シャゼンシ|タクシャ|トウキ|モクツウ|サンシシ|シャクヤク,泌尿器,残尿感|排尿痛|頻尿,体力中等度あるいはやや低下,慢性に経過した尿路炎症で、頻尿などのある場合
57,温清飲,うんせいいん,のぼせ|月経不順|月経困難|血の道症|更年期障害|神経症,中間証|熱証|血虚,センキュウ|トウキ|シャクヤク|ジオウ|オウゴン|オウバク|オウレン|サンシシ,小児|産婦人科|精神・神経,神経症|更年期障害|血の道症|月経不順|月経困難,体力中等度,不安、不眠、のぼせなどの精神神経症状があり、出血傾向を伴う場合
58,清上防風湯,せいじょうぼうふうとう,にきび,実証|熱証,オウゴン|キキョウ|サンシシ|センキュウ|ハマボウフウ|ビャクシ|レンギョウ|オウレン|カンゾウ|キジツ|ケイガイ|ハッカ,皮膚,面皰,比較的体力のある,青年の面皰、顔面、頭部の発疹が強く、化膿している場合
59,治頭瘡一方,ぢづそういっぽう,湿疹|くさ|,実証|中間証|熱証|血滞,センキュウ|ソウジュツ|レンギョウ|ニンドウ|ボウフウ|カンゾウ|ケイガイ|コウカ|ダイオウ,小児|皮膚,湿疹|乳幼児の湿疹|くさ,比較的体力ある,顔面、頭部などの湿疹で、分泌液、びらん、搔痒感のある場合
60,桂枝加芍薬湯,けいしかしゃくやくとう,腹痛|しぶり腹,虚証|寒証|気滞|血虚,ケイヒ|シャクヤク|カンゾウ|タイソウ|ショウキョウ,消化器|小児,腹痛|しぶり腹,比較的体力低下,桂枝加芍薬大黄湯より裏急後重（しぶり腹）、便秘が軽度の場合
61,桃核承気湯,とうかくじょうきとう,便秘|月経不順|月経困難|不安|腹痛|便秘|高血圧,実証|熱証|気滞|瘀血,トウニン|ダイオウ|ケイヒ|カンゾウ|ボウショウ,循環器|消化器|神経・筋・脳神経|外科・周術期|整形・運動器|産婦人科,高血圧の随伴症状（頭痛、めまい、肩こり）|便秘|腰痛|月経時や産後の精神不安|月経不順|月経困難,体力充実,瘀血、左下腹部に抵抗・圧痛（小腹急結）、便秘、のぼせのある場合
62,防風通聖散,ぼうふうつうしょうさん,肥満|便秘|浮腫|高血圧,実証|熱証|瘀血|血虚|水滞,カッセキ|オウゴン|カンゾウ|キキョウ|セッコウ|ビャクジュツ|ダイオウ|ケイガイ|サンシシ|シャクヤク|センキュウ|トウキ|ハッカ|ボウフウ|マオウ|レンギョウ|ボウショウ|ショウキョウ,共通（領域を問わないもの）|循環器|消化器|腎|代謝・内分泌|神経・筋・脳神経|小児|外科・周術期,むくみ|高血圧の随伴症状（動悸、肩こり、のぼせ）|便秘|肥満症,体力充実,便秘し腹は臍を中心に膨満して力のある、いわゆる太鼓腹の場合
63,五積散,ごしゃくさん,冷え症|腹痛|胃腸炎|神経痛|関節痛|月経痛|頭痛|更年期障害|感冒,中間証|寒証|気滞|瘀血|血虚|水滞,ソウジュツ|チンピ|トウキ|ハンゲ|ブクリョウ|カンゾウ|キキョウ|キジツ|ケイヒ|コウボク|シャクヤク|ショウキョウ|センキュウ|タイソウ|ビャクシ|マオウ,呼吸器|神経・筋・脳神経|小児|整形・運動器|産婦人科,感冒|胃腸炎|頭痛|神経痛|腰痛|関節痛|更年期障害|冷え性|月経痛,体力中等度前後,悪寒や湿気により腹痛、下腹部痛、下肢の痛みなどを訴える場合
64,炙甘草湯,しゃかんぞうとう,動機|息切れ,虚証|熱証|寒証|気虚|陰虚,ジオウ|バクモントウ|ケイヒ|シャカンゾウ|タイソウ|ニンジン|マシニン|ショウキョウ|アキョウ,循環器,動悸|息切れ,比較的体力低下,息切れ、皮膚の枯燥、易疲労感、手足の煩熱などを伴う場合
65,帰脾湯,きひとう,不眠|貧血,虚証|寒証|気虚|血虚,オウギ|サンソウニン|ニンジン|ビャクジュツ|ブクリョウ|リュウガンニク|オンジ|タイソウ|トウキ|カンゾウ|ショウキョウ|モッコウ,血液|産婦人科|精神・神経,貧血|不眠,比較的体力低下,顔色が悪く、精神不安、動悸亢進。不眠等がある場合
66,参蘇飲,じんそいん,咳|感冒,虚証|熱証|寒証|気滞|気虚|水滞,ハンゲ|ブクリョウ|カッコン|キキョウ|ゼンコ|チンピ|タイソウ|ニンジン|カンゾウ|キジュツ|ソヨウ|ショウキョウ,呼吸器|小児,感冒|咳,体力中等度前後,胃腸の弱い人で数日を経て長引いた場合
67,女神散,にょしんさん,のぼせ|めまい|神経症|月経不順|血の道症,中間証|気滞|瘀血,コウブシ|センキュウ|ソウジュツ|トウキ|オウゴン|ケイヒ|ニンジン|ビンロウジ|オウレン|カンゾウ|チョウジ|モッコウ,産婦人科,血の道症|産前産後の神経症|月経不順,体力中等度,のぼせ、めまい、頭痛、不安、不眠等の精神神経症状等がある場合
68,芍薬甘草湯,しゃくやくかんぞうとう,筋肉痛|けいれん|関節痛|胃痛|腹痛,実証|中間証|虚証|血虚,シャクヤク|カンゾウ,消化器|神経・筋・脳神経|小児|整形・運動器,胃痛|腹痛|関節痛|筋肉痛|急激に起こる筋肉のけいれんを伴う疼痛,体力は問わない,急激に起こる筋肉のけいれん性疼痛、腹部疝痛に
69,茯苓飲,ブクリョウイン,胃炎|胃アトニー|溜飲,中間証|虚証|熱証|寒証|気虚|水滞|気滞,ブクリョウ|ソウジュツ|チンピ|ニンジン|キジュツ|ショウキョウ,消化器,胃アトニー|胃炎|溜飲,体力中等度あるいはやや低下,膨満感、胸焼け、悪心などのある場合
70,香蘇散,こうそさん,胃もたれ|感冒,虚証|熱証|寒証|気滞,コウブシ|ソヨウ|チンピ|カンゾウ|ショウキョウ,呼吸器|小児,感冒|感冒（初期）,比較的体力低下,胃腸虚弱で、抑うつ傾向のある場合
71,四物湯,しもつとう,冷え症|しもやけ|しみ|血の道症|月経不順|疲労回復,虚証|熱証|寒証|瘀血|血虚,トウキ|シャクヤク|センキュウ|ジオウ,産婦人科|皮膚,産後あるいは流産後の疲労回復|血の道症|冷え性|月経不順|しもやけ|水虫,比較的体力低下,手足が冷え、貧血、出血傾向、皮膚の枯燥傾向のある場合
72,甘麦大棗湯,かんばくたいそうとう,夜泣き|ひきつけ,虚証|熱証|寒証|気滞,カンゾウ|ショウバク|タイソウ,小児,小児夜啼症|ひきつけ,比較的体力低下,精神興奮がはなはだしく、不安、不眠、ひきつけ、腹硬直の攣急を伴う場合
73,柴陥湯,さいかんとう,咳|胸痛,中間証|熱証|寒証|気虚水滞,サイコ|ハンゲ|オウゴン|タイソウ|ニンジン|オウレン|カンゾウ|ショウキョウ|カロニン,呼吸器|小児,咳|咳による胸痛,体力中等度,胸脇苦満があり痰が切れにくい場合で強い咳が出て胸痛する場合
74,調胃承気湯,ちょういじょうきとう,べんぴ,中間証|熱証|寒証,ダイオウ|カンゾウ|ボウショウ,消化器|外科・周術期,便秘,体力中等度,腹部膨満感が強く腹痛する場合
75,四君子湯,しくんしとう,胃腸虚弱|慢性胃炎|胃もたれ|嘔吐|下痢,虚証|熱証|寒証|気虚,ニンジン|ソウジュツ|ブクリョウ|カンゾウ|ショウキョウ|タイソウ,消化器|小児|外科・周術期,胃腸虚弱|慢性胃炎|胃もたれ|嘔吐|下痢,体力低下,胃腸機能が低下して食欲不振心窩部膨満感を訴える場合
76,竜胆瀉肝湯,りゅうたんしゃかんとう,排尿痛|残尿感|尿の濁り|こしけ,実証|熱証|血虚|水滞,ジオウ|トウキ|モクツウ|オウゴン|シャゼンシ|タクシャ|カンゾウ|サンシシ|リュウタン,産婦人科|泌尿器,こしけ|残尿感|排尿痛|尿の濁り,比較的体力ある,泌尿器、生殖器等の炎症に伴い排尿痛、頻尿、帯下等のある場合
77,芎帰膠艾湯,きゅうききょうがいとう,痔出血,虚証|熱証|寒証|血虚,ジオウ|シャクヤク|トウキ|ガイヨウ|カンゾウ|センキュウ|アキョウ,消化器|外科・周術期|産婦人科,痔出血,比較的体力低下,出血が長引き、貧血、冷え性等を伴う場合
78,麻杏薏甘湯,まきょうよくかんとう,関節痛|神経痛|筋肉痛,実証|中間証|寒証|水滞,ヨクイニン|マオウ|キョウニン|カンゾウ,神経・筋・脳神経|整形・運動器,神経痛|関節痛|筋肉痛,比較的体力のある,関節や筋肉が腫れるが、腫脹が軽度で、痛みも緩和な場合
79,平胃散,へいいさん,急性胃カタル|慢性胃カタル|胃アトニー|消化不良|食欲不振,中間証|熱証|寒証|気滞|水滞,ソウジュツ|コウボク|チンピ|タイソウ|カンゾウ|ショウキョウ,共通（領域を問わないもの）|消化器|小児|外科・周術期,食欲不振|胃アトニー|急性胃炎|慢性胃炎|消化不良,体力中等度前後,消化障害により腹部膨満感、心窩部不快感、下痢等がある場合
80,柴胡清肝湯,さいこせいかんとう,神経症|慢性扁桃炎|湿疹,実証|熱証|気滞|血虚,サイコ|オウゴン|オウバク|オウレン|カロコン|カンゾウ|キキョウ|ゴボウシ|サンシシ|ジオウ|シャクヤク|センキュウ|トウキ|ハッカ|レンギョウ,小児|皮膚|鼻腔咽喉|精神・神経,神経症|慢性扁桃炎|湿疹,比較的体力低下,腺病質の小児で、皮膚の色が浅黒く、扁桃、頸部等に炎症起こしやすい場合
81,二陳湯,にちんとう,悪心|嘔吐,中間証|熱証|寒証|水滞,ハンゲ|チンピ|ブクリョウ|カンゾウ|ショウキョウ,消化器|小児,悪心|嘔吐,体力中等度前後,嘔吐、胃部不快感、時に心窩部に振水音を認める場合
82,桂枝人参湯,けいしにんじんとう,頭痛|動悸|慢性胃腸炎|胃アトニー,虚証|寒証|気虚,ケイヒ|ニンジン|カンゾウ|ソウジュツ|カンキョウ,循環器|消化器|神経・筋・脳神経,動悸|胃アトニー|慢性胃腸炎|頭痛,比較的体力低下,冷え性で疲れやすく、胃腸症状、頭痛、心悸亢進等を伴う場合
83,抑肝散加陳皮半夏,よくかんさんかちんぴはんげ,神経症|不眠症|小児夜泣き|小児疳症,虚証|中間証|気滞|水滞,チンピ|ハンゲ|ソウジュツ|ブクリョウ|センキュウ|チョウトウコウ|トウキ|サイコ|カンゾウ,小児|精神・神経,小児夜啼症|小児疳症|神経症|不眠,比較的体力低下,抑肝散に比べ、より体力が低下して症状がより慢性化していることが多い場合
84,大黄甘草湯,だいおうかんぞうとう,便秘,実証|中間証|虚証,ダイオウ|カンゾウ,消化器|外科・周術期,便秘,体力は問わない,常習便秘に広く用いる
85,神秘湯,しんぴとう,小児喘息|気管支喘息|気管支炎,実証|中間証|熱証|寒証|気滞,マオウ|キョウニン|コウボク|チンピ|カンゾウ|サイコ|ソヨウ,呼吸器|小児,気管支炎|気管支喘息|小児喘息,体力中等度度あるいはそれ以上,呼吸困難、を主訴として抑うつ傾向を呈する場合
86,当帰飲子,とうきいんし,かゆみ|湿疹,虚証|血虚,トウキ|ジオウ|シツリシ|シャクヤク|センキュウ|ボウフウ|カシュウ|オウギ|カイガイ|カンゾウ,小児|皮膚,慢性湿疹（分泌液の少ないもの）|痒み,比較的体力低下,皮膚が乾燥していて、搔痒を主訴として、分泌物の少ない場合
87,六味丸,ろくみがん,頻尿|排尿困難|頻尿|むくみ|かゆみ,虚証|陰虚,ジオウ|サンシュユ|サンヤク|タクシャ|ブクリョウ|ボタンピ,共通（領域を問わないもの）|腎|神経・筋・脳神経|小児|外科・周術期|皮膚|泌尿器,むくみ|痒み|排尿困難|頻尿,比較的体力低下,腰以下の脱力感、痺れ、排尿時違和感等を伴う場合
88,二朮湯,にじゅつとう,五十肩,中間証|寒証|気滞|水滞,ハンゲ|ソウジュツ|イレイセン|オウゴン|コウブシ|チンピ|ビャクジュツ|ブクリョウ|カンゾウ|ショウキョウ|テンナンショウ|ワキョウカツ,神経・筋・脳神経|整形・運動器,五十肩,体力中等度,肩や上腕の痛む場合
89,治打撲一方,ぢだぼくいっぽう,打撲|腫れ|痛み,実証|中間証|虚証|熱証|瘀血,ケイヒ|センキュウ|センコツ|ボクソク|カンゾウ|ダイオウ|チョウジ,外科・周術期,打撲による腫れ及び痛み,体力は問わない,打撲、捻挫による患部の腫脹、疼痛に用いる
90,清肺湯,せいはいとう,咳|痰,中間証|虚証|熱証|水滞|陰虚,トウキ|バクモントウ|ブクリョウ|オウゴン|キキョウ|キョウニン|サンシシ|ソウハクヒ|タイソウ|チンピ|テンモンドウ|バイモ|カンゾウ|ゴミシ|ショウキョウ|チクジョ,呼吸器|小児,痰の多く出る咳,比較的体力低下,粘稠性で切れにくい痰が多い蔓延化した場合
91,竹筎温胆湯,ちくじょうんたんとう,インフルエンザ|感冒|肺炎|咳|痰,中間証|虚証|熱証|水滞|気虚|陰虚,ハンゲ|サイコ|バクモントウ|ブクリョウ|キキョウ|キジツ|コウブシ|チンピ|オウレン|カンゾウ|ショウキョウ|ニンジン|チクジョ,呼吸器|小児,感冒|インフルエンザ|咳|痰|肺炎,比較的体力低下,回復期に熱が長引き咳、痰が多く不眠時に胸脇苦満のある場合
92,滋陰至宝湯,じいんしほうとう,咳|痰,虚証|熱証|気滞|陰虚,コウブシ|サイコ|ジコッピ|シャクヤク|チモ|チンピ|トウキ|バクモントウ|ビャクジュツ|ブクリョウ|バイモ|カンゾウ|ハッカ,呼吸器|小児,咳|痰,体力低下,全身倦怠感、盗汗を伴う、慢性に経過した咳嗽に用いる
93,滋陰降火湯,じいんこうかとう,痰|咳,虚証|熱証|血虚|陰虚,ソウジュツ|ジオウ|シャクヤク|チンピ|テンモンドウ|トウキ|バクモントウ|オウバク|カンゾウ|チモ,呼吸器|小児,痰の出ない,体力低下,皮膚の色が浅黒く、咳嗽、粘稠で切れにくい痰などがある場合
95,五虎湯,ごことう,咳|気管支喘息,実証|熱証|水滞,マオウ|セッコウ|キョウニン|ソウハクヒ|カンゾウ,呼吸器|小児,咳|気管支喘息,比較的体力のある,心窩部膨満し胸脇苦満、咳嗽、喀痰、水様性鼻汁などを伴う場合
96,柴朴湯,さいぼくとう,動悸|めまい|嘔吐|小児喘息|気管支喘息|気管支炎|咳|神経症,中間証|熱証|気虚|気滞|水滞,サイコ|ハンゲ|ブクリョウ|オウゴン|コウボク|タイソウ|ニンジン|カンゾウ|ソヨウ|ショウキョウ,呼吸器|膠原病|小児|精神・神経,気管支炎|咳|関節リウマチ（下肢）|気管支喘息|小児喘息|咳|不安神経症,体力中等度,心窩部膨満、咳嗽、喘息、精神不安、抑うつ等がある場合
97,大防風湯,だいぼうふうとう,関節リウマチ|慢性関節炎|痛風,虚証|寒証|気虚|瘀血|血虚|水滞,オウギ|ジオウ|シャクヤク|ソウジュツ|トウキ|トチュウ|ボウフウ|センキュウ|カンゾウ|キョウカツ|ゴシツ|タイソウ|ニンジン|カンキョウ|ブシ,代謝・内分泌|整形・運動器,痛風|関節リウマチ（下肢）|慢性関節炎,比較的体力低下,顔色不良、関節の腫脹・疼痛、運動機能障害等が慢性化した場合
98,黄耆建中湯,おうぎけんちゅうとう,虚弱|衰弱|寝汗,虚証|寒証|気虚|血虚,オウギ|シャクヤク|ケイヒ|カンゾウ|ショウキョウ|タイソウ,共通（領域を問わないもの）|小児|外科・周術期,虚弱体質|病後の体力低下|ねあせ|病後の体力低下,体力低下,疲労倦怠感が著しく盗汗があり時に腹直筋の緊張する場合
99,小建中湯,しょうけんちゅうとう,腹痛|動悸|ほてり|冷え性|頻尿|多尿|虚弱体質|疲労倦怠|神経質|慢性胃腸炎|小児夜尿症|夜泣き,虚証|寒証|気虚|血虚,シャクヤク|ケイヒ|タイソウ|カンゾウ|ショウキョウ,共通（領域を問わないもの）|消化器|小児|精神・神経,疲労倦怠|慢性胃腸炎|小児虚弱体質|小児夜尿症|小児夜啼症|神経質,体力低下,疲れやすく腹部は腹壁の筋肉が薄く腹直筋の緊張する場合
100,大建中湯,だいけんちゅうとう,腹痛|腹部膨満感,虚証|寒証|気虚,カンキョウ|サンショウ|ニンジン,消化器|小児|外科・周術期|泌尿器,腹痛|腹部膨満感,体力低下,四肢が冷えて、腹部が冷え、腹部膨満感、鼓腸のある場合
101,升麻葛根湯,しょうまかっこんとう,感冒|皮膚炎,中間証|熱証|寒証,カッコン|シャクヤク|ショウマ|カンゾウ|ショウキョウ,呼吸器|小児|皮膚,感冒（初期）|皮膚炎,体力中等度,頭痛、発熱、悪寒、発疹などを伴う場合
102,当帰湯,トウキトウ,腹痛|腹部膨満感|背中の冷え,虚証|寒証|気虚|気滞|血虚|水滞,トウキ|ハンゲ|ケイヒ|コウボク|シャクヤク|ニンジン|オウギ|カンキョウ|サンショウ|カンゾウ,消化器|小児|外科・周術期|泌尿器,腹痛|腹部膨満感,比較的体力低下,冷え性で血色の悪い人で胸腹部より背部に疼痛を訴える場合
103,酸棗仁湯,サンソウニントウ,不眠症|神経症,虚証,サンソウニン|ブクリョウ|センキュウ|チモ,精神・神経,不眠,体力低下,心身とも疲労して、精神不安、神経過敏等を伴う場合
104,辛夷清肺湯,しんいせいはいとう,鼻づまり|慢性鼻炎|蓄膿症,実証|熱証|中間証|水滞|陰虚,セッコウ|バクモントウ|オウゴン|サンシシ|チモ|ビャクゴウ|シンイ|ビワヨウ|ショウマ,鼻腔咽喉,慢性鼻炎|蓄膿症|鼻づまり,体力中等度あるいはそれ以上,膿性鼻炎、後鼻漏などを伴う鼻疾患に用いる
105,通導散,つうどうさん,月経不順|更年期障害|便秘|腹痛|打撲|高血圧|頭痛|めまい|肩こり,実証|熱証|気滞|瘀血|水滞,キジツ|ダイオウ|トウキ|カンゾウ|コウカ|コウボク|ソボク|チンピ|モクツウ|ボウショウ,循環器|消化器|神経・筋・脳神経|外科・周術期|整形・運動器|産婦人科,高血圧の随伴症状（頭痛、めまい、肩こり）|便秘|腰痛|打撲|更年期障害|月経不順|月経痛,体力充実,心窩部・下腹部の圧痛・瘀血があり便秘精神神経症状を伴う場合
106,温経湯,うんけいとう,ほてり|月経不順|月経困難|こしけ|更年期障害|不眠症|神経症|湿疹|冷え性|しもやけ,虚証|寒証|中間証|寒証|気虚|瘀血|血虚,バクモントウ|ハンゲ|トウキ|カンゾウ|ケイヒ|シャクヤク|センキュウ|ニンジン|ボタンピ|ゴシュユ|ショウキョウ,共通（領域を問わないもの）|小児|産婦人科|皮膚|精神・神経,足腰の冷え|神経症|湿疹|更年期障害|月経不順|月経困難|こしけ|しもやけ|不眠,体力低下,手掌がほてり、口唇が乾燥し、下腹部が冷えて痛む場合
107,牛車腎気丸,ごしゃじんきがん,下肢痛|腰痛|痺れ|かすみ目|痒み|排尿困難|頻尿|浮腫,虚証|中間証|寒証|気虚|瘀血|水滞,ジオウ|ブシ|ゴシツ|サンシュユ|サンヤク|シャゼンシ|タクシャ|ブクリョウ|ボタンピ|ケイヒ,共通（領域を問わないもの）|循環器|腎|代謝・内分泌|神経・筋・脳神経|小児|外科・周術期|整形・運動器|産婦人科|皮膚|泌尿器|眼,むくみ|痺れ|腰痛|下肢痛|痒み|排尿困難|頻尿|老人のかすみ目,比較的体力低下,中年以降、腰部下肢の脱力感、冷え、痺れ、排尿異常がある場合
108,人参養栄湯,にんじんようえいとう,疲労|貧血|体力低下|食欲不振|寝汗|冷え性,虚証|寒証|気虚|血虚,ニンジン|トウキ|シャクヤク|ジオウ|ビャクジュツ|ブクリョウ|ケイヒ|オンジ|チンピ|オウギ|カンゾウ|ゴミシ,共通（領域を問わないもの）|消化器|血液|小児|外科・周術期|産婦人科,病後の体力低下|食欲不振|疲労倦怠|ねあせ|手足の冷え|食欲不振|貧血|病後の体力低下,体力低下,十全大補湯に近似するが、咳嗽、不眠などを伴う場合
109,小柴胡湯加桔梗石膏,しょうさいことうかききょうせっこう,扁桃炎|扁桃周囲炎,中間証|熱証|気虚,セッコウ|サイコ|ハンゲ|オウゴン|キキョウ|タイソウ|ニンジン|カンゾウ|ショウキョウ,鼻腔咽喉,扁桃炎|扁桃周囲炎,体力中等,亜急性ないし慢性化し、微熱、胸脇苦満、食欲不振を訴える場合
110,立効散,りっこうさん,疼痛|歯痛,実証|中間証|虚証|熱証|寒証,サイシン|ショウマ|ボウフウ|カンゾウ|リュウタン,歯・口腔,抜歯後の疼痛|歯痛,体力は問わない,歯痛後、歯齦痛および口腔内の腫脹・疼痛に用いる
111,清心蓮子飲,せいしんれんしいん,頻尿|排尿痛|残尿感,虚証|熱証|寒証|気虚|水滞,バクモントウ|ニンジン|ブクリョウ|レンコク|オウゴン|シャゼンシ|オウギ|ジコッピ|カンゾウ,泌尿器,残尿感|排尿痛|頻尿,比較的体力低下,胃腸の虚弱な人が、排尿困難、排尿痛等を訴える場合
112,猪苓湯合四物湯,ちょれいとうごうしもつとう,排尿痛|頻尿|排尿困難|残尿感,虚証|熱証|中間証|血虚|水滞,カッセキ|ジオウ|センキュウ|チョレイ|タクシャ|トウキ|シャクヤク|ブクリョウ|アキョウ,泌尿器,排尿困難|残尿感|排尿痛|頻尿,体力中等度,皮膚が枯燥し、頻尿、排尿痛等の排尿困難が慢性化・反復する場合
113,三黄瀉心湯,さんおうしゃしんとう,のぼせ|便秘|不安症|高血圧|のぼせ|肩こり|耳鳴り|頭重|不眠症|鼻血|痔出血|更年期障害|血の道症,実証|熱証,オウゴン|オウレン|ダイオウ,循環器|消化器|外科・周術期|産婦人科|鼻腔咽喉,高血圧の随伴症状（のぼせ、肩こり、耳鳴り、頭重、不眠、不安）|便秘|痔出血|更年期障害|血の道症|鼻血,体力充実,のぼせ気味で顔面紅潮し便秘、精神不安などを伴う場合
114,柴苓湯,さいれいとう,下痢|暑気あたり|急性胃腸炎|水瀉性下痢|吐き気|食欲不振,中間証|水滞|熱証|気虚,サイコ|タクシャ|ブクリョウ|ハンゲ|オウゴン|ソウジュツ|タイソウ|チョレイ|ニンジン|カンゾウ|ケイヒ|ショウキョウ,共通（領域を問わないもの）|消化器|腎|神経・筋・脳神経|小児|外科・周術期,暑気あたり|むくみ|急性胃腸炎|水瀉性下痢,体力中等度,胸脇苦満があり、尿量減少、浮腫、口渇などを伴う場合
115,胃苓湯,いれいとう,下痢|食欲不振|嘔吐|冷え腹|急性胃腸炎|腹痛,中間証|水滞|気滞|熱証|寒証,コウボク|ソウジュツ|チョレイ|チンピ|ビャクジュツ|ブクリョウ|タクシャ|ケイヒ|ショウキョウ|タイソウ|カンゾウ,共通（領域を問わないもの）|消化器|小児,暑気あたり|急性胃腸炎|食あたり|冷え腹|腹痛,体力中等度,心窩部に振水音を認め、水溶性の下痢、嘔吐、口渇を呈する場合
116,茯苓飲合半夏厚朴湯,ぶくりょういんごうはんげこうぼくとう,胃もたれ|不安症|動悸|めまい|嘔気|胸焼け|胃炎|つわり|溜飲|,虚証|中間証|熱証|寒証|気滞|水滞,ブクリョウ|ハンゲ|コウボク|ソウジュツ|チンピ|ニンジン|ソヨウ|キジツ|ショウキョウ,消化器|産婦人科|精神・神経,胃炎|神経性胃炎|溜飲|つわり|不安神経症,体力中等度あるいはやや低下,抑うつ状態、咽喉部の異物感、胃部膨満感、悪心などを訴える場合
117,茵蔯五苓散,いんちんごれいさん,浮腫|嘔吐|蕁麻疹|二日酔い,中間証|水滞|熱証|寒証,インチンコウ|タクシャ|ブクリョウ,共通（領域を問わないもの）|消化器|腎|神経・筋・脳神経|小児|外科・周術期|皮膚,むくみ|嘔吐|二日酔いのむかつき|蕁麻疹,体力中等度,口渇、尿量減少があり、軽度の黄疸を伴う場合
118,苓姜朮甘湯,りょうきょうじゅつかんとう,冷え|腰痛|夜尿症,虚証|寒証|気虚|水滞,ブクリョウ|カンキョウ|ビャクジュツ|カンゾウ,共通（領域を問わないもの）|神経・筋・脳神経|小児|整形・運動器|産婦人科,腰の冷え|腰痛|夜尿症,比較的体力低下,腰部より下肢にかけての冷えが顕著で頻尿を訴える場合
119,苓甘姜味辛夏仁湯,りょうかんきょうみしんげにんとう,貧血|冷え性|痰|咳|気管支喘息|気管支炎|心臓衰弱|腎臓病,虚証|寒証|中間証|水滞,カンキョウ|サイシン|ハンゲ|キョウニン|ゴミシ|カンゾウ|ブクリョウ,呼吸器|循環器|腎|小児,気管支炎|気管支喘息|心臓衰弱|腎臓病,比較的体力低下,冷え性で貧血傾向、喘鳴、咳嗽、喀痰、水様性鼻汁などを伴う場合
120,黄連湯,おうれんとう,胃痛|嘔吐|食欲不振|急性胃炎|口内炎|二日酔い,実証|中間証|熱証|寒証|急虚,ハンゲ|オウレン|カンキョウ|カンゾウ|ケイヒ|タイソウ|ニンジン,消化器|鼻腔咽喉|歯・口腔,口内炎|急性胃炎|二日酔い,体力中等度以上,上腹部痛、悪心、嘔吐があり心窩部に抵抗の認められる場合
121,三物黄芩湯,さんもつおうごんとう,ほてり,実証|熱証|中間証|陰虚,オウゴン|ジオウ|クジン,共通（領域を問わないもの）,手足のほてり,体力中等度あるいはそれ以上,手足に熱感があり、口渇や搔痒感、発熱を伴う場合
122,排膿散及湯,はいのうさんきゅうとう,化膿|腫れ|瘍|おでき|ニキビ|面疔,中間証|熱証,キキョウ|カンゾウ|キジュツ|シャクヤク|タイソウ|ショウキョウ,皮膚|歯・口腔,皮膚炎|せつ（癤）|よう（瘍）|面疔|癤腫症|発疹、疼痛を伴う化膿症,体力中等度前後,化膿性皮膚疾患、歯周組織炎（歯槽膿漏）、歯齦炎などに伴う場合
123,当帰建中湯,とうきけんちゅうとう,腹痛|痔|脱肛|月経痛,虚証|寒証|気虚|血虚,トウキ|シャクヤク|ケイヒ|タイソウ|トウキ|カンゾウ,消化器|小児|外科・周術期|産婦人科|泌尿器,下腹部痛|痔|脱肛の痛み|月経痛,体力低下,疲労しやすく、顔色不良、手足が冷え、腰に痛みがある場合
124,川芎茶調散,せんきゅうちゃちょうさん,頭痛|感冒|血の道症,実証|中間証|虚証|熱証|寒証|瘀血,センキュウ|ハッカ|コウブシ|キョウカツ|ケイガイ|ビャクシ|ボウフウ|カンゾウ|チャヨウ,呼吸器|神経・筋・脳神経|小児|産婦人科,感冒|頭痛|血の道症,体力は問わない,感冒の初期の頭痛、特発性頭痛がある場合
125,桂枝茯苓丸加薏苡仁,けいしぶくりょうがんかよくいにん,血の道症|ニキビ|しみ|手足の荒れ|月経不順|下腹部痛|肩こり|頭重|めまい|のぼせ|冷え性,実証|中間証|熱証|寒証|気滞|瘀血|水滞,ケイヒ|ブクリョウ|ヨクイニン|シャクヤク|トウニン|ボタンピ,産婦人科|皮膚,血の道症|月経不順|面皰|水虫|手足の荒れ,体力中等度もしくはそれ以上,のぼせて、下腹部に抵抗・圧痛などの瘀血の症状、皮膚症状がある場合
126,麻子仁丸,ましにんがん,便秘,虚証|中間証|陰虚,マシニン|キョウニン|ダイオウ|キジツ|キョウニン|コウボク|シャクヤク,消化器|外科・周術期,便秘,体力中等度あるいは低下,老人や病後の虚弱者で大便は硬く塊状を呈する場合
127,麻黄附子細辛湯,まおうぶしさいしんとう,悪寒|倦怠感|微熱|低血圧|頭痛|めまい|冷え性|感冒|気管支炎,虚証|寒証|中間証,マオウ|ブシ|サイシン,呼吸器|小児,感冒|気管支炎,比較的体力低下,虚弱者で悪寒を伴う発熱（微熱）や手足の冷えのどの痛みがある場合
128,啓脾湯,けいひとう,下痢|食欲不振|消化不良|慢性胃腸炎|胃腸虚弱,虚証|気虚|水滞,ニンジン|ソウジュツ|ブクリョウ|サンヤク|レンニク|サンザシ|タクシャ|チンピ|カンゾウ,消化器|小児|外科・周術期,胃腸虚弱|慢性胃腸炎|下痢|消化不良,比較的体力低下,顔色不良で、裏急後重（しぶり腹）を伴わない下痢の場合
133,大承気湯,だいじょうきとう,便秘|腹満|高血圧|神経症|食当り,実証|熱証|気滞|瘀血|水滞,ダイオウ|ボウショウ|キジツ|コウボク,循環器|消化器|小児|外科・周術期|精神・神経,高血圧|食あたり|急性便秘|常習便秘|神経症,体力充実,腹部、特に臍を中心に充実して膨満感が強く便秘する場合
134,桂枝加芍薬大黄湯,けいしかしゃくやくだいおうとう,腹痛|便秘|大腸カタル|急性腸炎|宿便|しぶり腹,中間証|虚証|寒証,ケイヒ|シャクヤク|ダイオウ|タイソウ|カンゾウ|ショウキョウ,消化器,口内炎|急性腸炎|大腸炎|常習便秘|宿便|しぶり腹,比較的体力のある,上腹部より胸部への不快感を訴え、悪心、便秘、皮膚搔痒感を伴う場合
135,茵蔯蒿湯,いんちんこうとう,黄疸|肝硬変|ネフローゼ|蕁麻疹|口内炎,実証|熱証|水滞,インチンコウ|ダイオウ|サンシシ,消化器|腎|小児|外科・周術期|皮膚|鼻腔咽喉|歯・口腔,黄疸|肝硬変|ネフローゼ|蕁麻疹|口内炎,比較的体力ある,上腹部より腹部へ不快感を訴え、悪心、嘔吐、便秘、皮膚搔痒感を伴う場合
136,清暑益気湯,せいしょえっきとう,倦怠感|食欲不振|下痢|夏やせ,虚証|熱証|気虚|血虚|陰虚,ニンジン|オウギ|ソウジュツ|ニンジン|バクモントウ|チンピ|トウキ|オウバク|ゴミシ,共通（領域を問わないもの）|消化器|小児|外科・周術期,食欲不振|疲労倦怠|夏やせ|暑気あたり|下痢|神経症,比較的体力低下,全身倦怠感、軟便、手足のの熱感、夏やせ、夏負け等に。
137,加味帰脾湯,かみきひとう,不眠|不安|神経症|貧血,虚証|気虚|気滞|血虚,オウギ|サイコ|サンソウニン|ソウジュツ|ニンジン|ブクリョウ|リュウガンニク|オンジ|サンシシ|タイソウ|トウキ|カンゾウ|ショウキョウ|モッコウ,血液|産婦人科|精神・神経,貧血|神経症|神経不安|不眠,体力低下,顔色が悪く精神不安などの精神症状、微熱がある場合
138,桔梗湯,キキョウトウ,扁桃炎|扁桃周囲炎,実証|中間証|虚証|熱証|寒証,カンゾウ|キキョウ,鼻腔咽喉,扁桃炎,体力は問わない,咽喉、扁桃の炎症で疼痛、腫脹がある場合
,,,,,,,,,
